{
    "avg_prec": 0.9038274186311249,
    "roc_auc": 0.93377330668608
}