{
    "avg_prec": 0.9615962024426463,
    "roc_auc": 0.9720284989589951
}